{"block 0": 1182, "block 1": 844, "block 2": 1688, "block 3": 12612, "block 4": 2364, "block 5": 4204, "block 6": 394, "block 7": 14, "block 8": 4204, "block 9": 394, "block 10": 14, "total dofs": 27914, "cell_volumes": [3246.1569361338074, 3359.601825395511, 3152.3388365328674, 1358.4905660495413, 3553.805093411188, 3125.5036310107575, 1129.9586389654223, 2516.4016730882668, 1358.4905660560557, 3466.981132074946, 2416.004323905734, 1733.4905660687023, 1575.4433184494, 3804.0294304802183, 2847.2043665317647, 4197.051886801918, 4031.439976417476, 3534.793632128969, 4334.819867884203, 3151.105025430619, 2691.6768748207996, 1893.9995777611098, 3098.861283313701, 2358.5912922395673, 2187.2707072722314, 1619.2246462274113, 1622.9914757640568, 2455.0163811946895, 921.9948281629893, 3599.7995283313485, 3012.0373219587145, 3618.242924585863, 2662.5478552806953, 2335.898030428878, 3786.675093908877, 2141.884183652295, 1926.7144077566572, 1036.2607479745902, 1914.8352674801085, 1455.4990661594977, 1521.516830769596, 3417.5892605049676, 3322.2806771505566, 1590.860795575778, 2261.575582763394, 3653.0440661442626, 1046.4890686147319, 1087.5278556154335, 2649.7704138197787, 3041.3780515970066, 2890.449993909807, 2563.1430161878425, 1996.7402120823601, 1817.8011000064437, 2175.055711226878, 2010.9005632036408, 2131.1257878022466, 1959.1774754796584, 2483.1225685115373, 2054.5949039011048, 3705.6170787090487, 3418.5993106275428, 3501.804759752259, 2096.8706958081307, 2650.389667894328, 2143.4930152750003, 1874.1740438119732, 2288.420818470181, 2283.5105993271773, 1005.450281614032, 2418.0807352538413, 1927.0617718914737, 2779.819390230808, 2180.0813277188736, 2175.0557112168667, 2010.9005632063238, 1046.4890686147369, 2175.0557112261336, 2010.900563204868, 2175.0557112219085, 2010.900563203888, 2765.5345203330976, 2156.897760949916, 4331.611701928088, 2939.7596669794325, 4159.167927643786, 4745.392156950455, 2895.1351746396003, 2782.850651540671, 2173.4318539231713, 2838.864743388338, 2729.1530919908605, 2735.5431093707793, 2739.134851028565, 2097.387786091167, 2582.4698208640193, 1796.1884346392321, 3149.1780769164207, 3226.3770714492766, 2208.47107422993, 1982.7705077838789, 1554.3673457141674, 1668.7180705738065, 2032.4257672670728, 1969.278598703105, 2443.9886349259014, 1344.8626617675607, 1106.6262458431038, 2606.065597546106, 2551.764189986526, 1393.0098402429282, 1846.31765054902, 2343.984445472177, 2345.488205913848, 3274.8926003156885, 2767.187858034547, 2340.0646933857433, 2983.6271184009674, 2755.37598776735, 3045.3444722944378, 3984.2973491344183, 2789.56752047157, 1889.1646899358198, 2386.3668148108504, 2146.456246787409, 2173.196829913626, 3583.4955143275074, 2830.0868732705385, 2747.8432796792094, 2123.6142280086697, 3622.643766898198, 3106.072662220789, 2993.2300539108473, 1837.6383306974512, 2250.970402563538, 3165.0009319948203, 1857.672467566413, 1543.6349048938332, 3315.8857864762476, 3393.513240835894, 2691.471509153652, 2738.3522374710897, 2303.6821221339105, 1847.1551265559888, 1776.9495361666864, 1314.5591539002244, 1911.892993979118, 1911.8929939801494, 3190.7876308102223, 2842.8816550604215, 2761.428390697525, 2512.305338244745, 1691.7099976163054, 1691.7099976163008, 2044.2274999009944, 2907.555073372063, 3045.077995721939, 2074.0885964143936, 2425.5892881512573, 1911.8929939914487, 2639.0675962930754, 1911.8929939883565, 1691.709997618697, 1982.7705078033637, 1818.298892981487, 1789.4153814881101, 2044.2750096316468, 2124.264828377653, 1976.3165494607706, 2855.1895312244083, 2389.24858943855, 2030.051997148063, 2442.620764187822, 1961.2905359731362, 2855.1895312174647, 2169.4211452586583, 2195.0795039588693, 2525.134517590131, 2855.18953123896, 2525.1345175962606, 2212.1109800093973, 1982.7705077838796, 1837.240252700325, 1818.2988929788773, 1975.0428282089383, 1658.815674659612, 3055.947975658589, 3069.9389533848657, 2328.088160340142, 2230.677150083939, 3069.938953388815, 3234.966460203528, 2426.224845155301, 2326.0440587001062, 2618.9986980025988, 2618.998698003176, 2490.1187322458977, 3144.295639140558, 3152.338836476565, 1358.4905660342658, 3246.1569361684824, 3359.6018254189753, 1129.958638963376, 2516.40167308097, 3553.805093418781, 3125.503631016426, 1358.4905660407787, 3466.9811320824174, 2416.0043238985586, 1733.4905660388667, 1575.4433184358093, 4197.051886791381, 3534.793632074612, 3804.0294305233147, 4031.4399764531877, 2847.2043665586957, 4334.819867892506, 3151.1050254452366, 2691.6768748200648, 1893.9995777603913, 3098.861283319874, 2358.591292241901, 2187.2707072751327, 1619.224646225878, 1622.9914757646484, 2455.016381193461, 921.9948281565385, 3599.79952830063, 3012.03732196478, 3618.2429245290496, 2662.547855270509, 2335.8980304308916, 3786.675093920061, 2141.884183655579, 1926.7144077559205, 1036.2607479695273, 1914.8352674773826, 1455.4990661589366, 1521.5168307648112, 3417.5892605172808, 3322.280677180679, 1590.8607955736406, 2261.5755827708394, 3653.044066188384, 2876.7312894744573, 2565.6967638634915, 1682.6414944845537, 1878.4767041057169, 2495.132516325792, 2150.5563103839727, 3050.6471392899793, 2837.8248146328215, 2931.7986490209278, 2559.112074406863, 2843.551023016822, 2235.0746764531164, 2855.8390144774894, 1918.5764518548722, 2483.4969487840253, 1926.9067180568634, 2831.1821217904185, 2385.6206022215492, 2816.2501278905297, 1706.5636245156147, 2665.2356462423945, 1710.2123484933868, 2010.9005632092403, 1861.4748483698936, 1788.3694752748647, 4016.3292881962207, 3418.6298413649, 2421.254350939728, 2676.94126997563, 4084.073319825282, 2835.904565019425, 3979.948526391493, 4191.517742069387, 2899.0028995500916, 2827.3915185483297, 2201.2918149428715, 2853.0516259456163, 2749.4262948620662, 2713.4269290107068, 2777.178247697825, 2056.5229914124243, 1899.9283744891209, 1450.1144432260014, 1552.7599194482552, 2386.0278485907766, 1544.543498105214, 2431.588784828902, 3519.7349842454787, 2006.9616485355837, 2040.9666655329374, 3874.0510984101265, 2035.9458372096992, 3354.0379826897233, 3071.426593915226, 1450.5551432064221, 3241.156991800349, 2898.1141347687003, 3105.3307157376094, 2597.9123747688977, 2257.5955376053125, 1332.6642192141449, 2489.2281950278866, 1753.6556697807653, 2447.607597144225, 2227.6498599001416, 2235.5524854790724, 1923.2436206381203, 2093.769614572483, 2778.6070815408366, 2660.0164255394952, 2082.934440073307, 1944.6606048688486, 2664.0550045119207, 2154.033617918415, 2567.271149985215, 2237.3540748522164, 2181.0435244026608, 3300.239877770452, 3245.7805142150264, 2717.738091652061, 2870.452030224089, 2470.8534460635337, 1607.4072645647361, 1971.8038731019274, 2284.9419038671144, 2594.3844662702977, 2461.413809002424, 2543.6834292345393, 2823.5526819912957, 2761.583439947278, 2256.1594581406807, 2236.5601797432114, 1441.9364683598897, 1587.9394684387823, 2065.323550984583, 2257.4973946083524, 3061.246301479955, 2783.8790727458363, 2761.4283906842024, 2512.305338232721, 2199.2229968729694, 2090.3231371727798, 2537.564996444617, 2365.361739119831, 2058.297899872729, 3083.942862738415, 2533.880462528473, 2275.9147323463576, 2053.3965573726346, 2516.04757970608, 2090.3231372010387, 2558.305298424526, 2199.2229968929923, 2365.361739151809, 2923.312184986162, 2822.70923386086, 2537.564996467411, 1984.181190373889, 2797.865595999897, 2323.4665234685776, 2823.538413478457, 2721.6721040955385, 2783.5496973655963, 2825.554993808678, 2175.195560753913, 1631.5605099937125, 2666.717439404359, 1978.5126723783637, 1978.5126723897856, 1633.4978955967474, 1591.0553434665903, 1591.0553434713315, 2058.297899871225, 2058.297899872002, 1726.0870494542999, 2817.2206344633423, 2129.839659767496, 1631.5605100084488, 2793.5058787678963, 2460.672056098983, 2919.4384089912837, 1849.968491615136, 1849.9684916241233, 2826.8612623756703, 3304.466820448628, 2640.1744813038204, 2659.1671811620604, 1906.8424168071624, 1906.8424168144777, 2273.4860331128007]}